days,tondano,winangun
1,9.794931246832684,13.227645142046558
2,10.422254547464137,14.648090269009094
3,10.015569499474024,14.74770366814422
4,10.176484186473187,14.8326524572457
5,9.97447818180047,14.91899793470031
6,10.2070406454025,15.124935726524214
7,10.086186954732172,15.310764095773129
8,10.083818932323222,15.40684108303451
9,10.045560225626174,15.401373948417037
10,10.06304599194078,15.450257950328439
